PRT_ID,SALES_PRICE
P05996,7816446.0
P09294,14822234.0
P03807,8094485.0
P00539,14104142.0
P01448,6975913.5
P06667,13920459.0
P09803,14834166.0
P05568,21836664.0
P05102,14891952.0
P04556,5676973.0
P03782,9024033.0
P02221,10817350.0
P03299,11543963.0
P08959,8974088.0
P09377,8079602.0
P09924,9937464.0
P01394,8260812.0
P07407,11770800.0
P08729,12709022.0
P09542,11661794.0
P01853,10010968.0
P08051,13002892.0
P08271,5768304.5
P02055,9355501.0
P01462,6589470.0
P03664,13639088.0
P02370,6499751.0
P07852,19734876.0
P06278,15713600.0
P08467,13516589.0
P00992,11164882.0
P05942,7142483.0
P03989,6654886.5
P07060,10722500.0
P00285,13911836.0
P04718,5673754.5
P00956,11664551.0
P07903,11321411.0
P09166,7915247.0
P04499,7209255.0
P04015,3653581.5
P09376,9515944.0
P00012,7142295.0
P08995,13920822.0
P02323,9560754.0
P01359,9097495.0
P07090,14354055.0
P08475,14115745.0
P02125,14416297.0
P07915,18995264.0
P06139,8664294.0
P03073,5273712.5
P08441,10266175.0
P01565,9513427.0
P00791,9333826.0
P06751,12011540.0
P04554,13583578.0
P03839,6909425.0
P01409,11112880.0
P07431,12640844.0
P03489,11905204.0
P06387,8581651.0
P06779,8491811.0
P01889,8336423.0
P06149,13295566.0
P08873,13575890.0
P03425,15076260.0
P09806,9097038.0
P04345,11184233.0
P04042,13983190.0
P09781,7842052.0
P00254,15046657.0
P09091,12977264.0
P04061,9499922.0
P06644,6340602.0
P08517,12878050.0
P07492,11033249.0
P04452,16266916.0
P08144,9498670.0
P02854,5682452.0
P04835,8795026.0
P00455,13151280.0
P07396,7629522.0
P07777,7161603.0
P05423,9550242.0
P05820,18525692.0
P01309,8410094.0
P04343,5806140.0
P05167,6909084.0
P03621,7206794.5
P01131,19379008.0
P04092,5553296.0
P07035,8335427.0
P04257,11136094.0
P00928,14776585.0
P09597,9343221.0
P09744,15399628.0
P08951,7249841.0
P03143,7877392.0
P00062,6462966.5
P06406,10309638.0
P07835,8387689.0
P00485,8622329.0
P09288,12744328.0
P04002,8977088.0
P04853,10024132.0
P03361,10028920.0
P05281,8347492.0
P06568,12006808.0
P07595,7965908.5
P02829,18525940.0
P03226,7358691.0
P03068,15249630.0
P04223,7674163.5
P01682,6756285.0
P01342,6972766.5
P01954,11085764.0
P03346,11854527.0
P06090,7180905.0
P08664,9135614.0
P02701,12182988.0
P03668,13253344.0
P05791,7303524.0
P04571,7404136.5
P04306,11060303.0
P06965,11382052.0
P00968,11766838.0
P07351,10537759.0
P07627,14147587.0
P02263,5421777.0
P00900,8061570.5
P05532,9845052.0
P02420,11114445.0
P02948,10669348.0
P02449,8958026.0
P04555,9510848.0
P08461,16573723.0
P03817,10945758.0
P01194,14839172.0
P00096,14378958.0
P06955,10238114.0
P07375,9951045.0
P01198,9914662.0
P06393,6982494.0
P00973,20231014.0
P08413,16101166.0
P08452,10954792.0
P05808,18324538.0
P01732,9746956.0
P03265,8567575.0
P09269,14941324.0
P02005,12467211.0
P09884,9046213.0
P03077,10160000.0
P02144,12069245.0
P01972,6191907.0
P03272,20148840.0
P04748,12601714.0
P09255,14841227.0
P02072,11957064.0
P05111,18698372.0
P05943,12256715.0
P04135,15750050.0
P03351,9003520.0
P02627,10429049.0
P02406,9711225.0
P05640,9755573.0
P09231,12141292.0
P06390,8459319.0
P08275,10572300.0
P00571,7608803.0
P03094,15369170.0
P02145,15288796.0
P01403,11591262.0
P00398,9465929.0
P05079,11922894.0
P08844,11802080.0
P05122,13731889.0
P02734,13580519.0
P07188,14734199.0
P05561,13407253.0
P00652,12298604.0
P01072,9756566.0
P00385,8859402.0
P05519,10030138.0
P01410,8180916.0
P05804,6463385.0
P07515,10670684.0
P00691,7983659.5
P03592,7441736.5
P09493,13492041.0
P04172,7728192.0
P01605,9440630.0
P03956,6360107.5
P05076,8428157.0
P05695,12695900.0
P00993,12115970.0
P02468,9717848.0
P06320,4127852.0
P02001,13113936.0
P08770,9159587.0
P00229,17014550.0
P06646,11289170.0
P04466,8046236.0
P05793,7466261.0
P01750,11387440.0
P09131,7960532.0
P02168,8675890.0
P02511,6164250.0
P07343,9267948.0
P01376,21547060.0
P07422,13414094.0
P01769,8911629.0
P08586,8572128.0
P06488,6727908.0
P01230,7765789.0
P02908,6933734.5
P08831,19080224.0
P03288,14166284.0
P00680,5678876.5
P02031,7734901.0
P04875,6065651.0
P07956,12050074.0
P08447,8904321.0
P05865,9352125.0
P09672,14537820.0
P09920,8211173.0
P04910,7562841.5
P00162,13951610.0
P01825,9444469.0
P05292,7847456.5
P02712,12682809.0
P07747,8477544.0
P07472,12651532.0
P00068,12352693.0
P00750,16745656.0
P01938,12310961.0
P08240,7973219.0
P05994,8647294.0
P00744,11335269.0
P00792,13206422.0
P04083,6339529.0
P01744,13098900.0
P03503,12818719.0
P04256,7157719.0
P05332,8894502.0
P04078,10344980.0
P06574,17670504.0
P04752,11248012.0
P03316,13959081.0
P07291,10280636.0
P07280,12229399.0
P04397,7888928.5
P02025,12924232.0
P09003,15541609.0
P03088,8973121.0
P05216,16952696.0
P00823,11841030.0
P07932,19934820.0
P02680,13368921.0
P03407,11721724.0
P06860,14192178.0
P06832,8368481.0
P00361,17368500.0
P06394,9162006.0
P03881,8550634.0
P02725,8383074.0
P00544,14554824.0
P08809,10974296.0
P02307,9433872.0
P08485,9324486.0
P09159,13630370.0
P01398,10526140.0
P02495,7013197.5
P08769,9396883.0
P00458,11894661.0
P05850,19654660.0
P06648,8438664.0
P05003,7669259.0
P03602,14764733.0
P03201,8968694.0
P00489,10575229.0
P06958,8505452.0
P04750,10393139.0
P06660,9891872.0
P04403,12475852.0
P04175,10920024.0
P07433,11674378.0
P03525,9253500.0
P09373,6538000.5
P05845,8719634.0
P05717,9051504.0
P00953,11008106.0
P01301,12292555.0
P07032,6904808.0
P09312,7892263.5
P02357,10978844.0
P00029,12592654.0
P06760,11046588.0
P03206,11114758.0
P08261,11416125.0
P07838,14245212.0
P03558,11153294.0
P03700,7147387.5
P06412,12867484.0
P04043,11741891.0
P03850,9167666.0
P05426,6876519.0
P00178,8738939.0
P03363,11508558.0
P01018,13747202.0
P00572,9366322.0
P02373,13171852.0
P04813,7771510.0
P05372,4870415.5
P04285,9985673.0
P00459,13990501.0
P02208,6263438.5
P08567,8200396.5
P07415,22453706.0
P02413,9387226.0
P02586,7838236.0
P05842,9814400.0
P05225,13746108.0
P03024,9082942.0
P04596,3970618.75
P01389,14888978.0
P03708,7792276.5
P08783,9670909.0
P06624,14347363.0
P02243,17239030.0
P00020,5784720.0
P05876,8090224.0
P07232,8457271.0
P02855,10141204.0
P09303,9696469.0
P02015,8958864.0
P05454,13389666.0
P07348,12068047.0
P03637,11673788.0
P00263,7528359.0
P02270,12976276.0
P06691,7616261.0
P04068,6918637.0
P04812,7538388.5
P05806,15829626.0
P08297,8712696.0
P09086,20432580.0
P00775,10485701.0
P06970,15517200.0
P07630,9971616.0
P06558,4019792.25
P01847,12351606.0
P04412,6571349.0
P05028,9033852.0
P04089,4339121.0
P03672,9963506.0
P05147,7939672.0
P08288,11417690.0
P01330,11499233.0
P04020,10816268.0
P07516,10128267.0
P03129,13782192.0
P07204,13507406.0
P02045,9808568.0
P08996,15521490.0
P00574,9886523.0
P02149,10849924.0
P09851,15743474.0
P00509,22537846.0
P00136,19940112.0
P02618,13703915.0
P07265,8545496.0
P00855,15036194.0
P03046,7394556.0
P10026,9238250.0
P00177,8646995.0
P09301,7725610.0
P03284,8854434.0
P06088,7792752.5
P01106,8060716.0
P05623,11511366.0
P01357,19208896.0
P00215,16659364.0
P05023,18440736.0
P02983,7822549.0
P05782,8972562.0
P05733,15385585.0
P02670,9169272.0
P08342,8435444.0
P09732,13661362.0
P05262,12130761.0
P05661,8546098.0
P07639,12449506.0
P08096,12298656.0
P09511,14801730.0
P00822,11218838.0
P06290,8856742.0
P06505,11573194.0
P07653,9266426.0
P06447,20649056.0
P04980,8327338.0
P05638,14004102.0
P07544,8779942.0
P01335,10670130.0
P05311,8383520.0
P03627,8579071.0
P03784,6388935.0
P01464,12583843.0
P01171,10569434.0
P07123,9867344.0
P09662,15574347.0
P03540,8555156.0
P05302,6439575.0
P08705,9076597.0
P06665,6637611.0
P04037,10620686.0
P00325,9208174.0
P08837,12399218.0
P05445,13041403.0
P00292,8526571.0
P05044,10899684.0
P03002,6103423.0
P05551,10081571.0
P01037,20420002.0
P02316,7275995.5
P07532,16675443.0
P02051,12388286.0
P00817,12135496.0
P05975,8809452.0
P09942,6940067.0
P00488,11545769.0
P03977,8627221.0
P07179,12758550.0
P04074,8856330.0
P04318,14025818.0
P07771,10734780.0
P06431,12986744.0
P00647,13493126.0
P03725,13071094.0
P00359,14379154.0
P03884,5661467.5
P04772,7035231.0
P04202,7494696.0
P07384,11163958.0
P09375,7625927.0
P02603,9782730.0
P05744,12786770.0
P00454,9009109.0
P03580,10174295.0
P01351,10806856.0
P05632,8129002.0
P02658,13063220.0
P03487,11441658.0
P05745,7253653.5
P08616,20227352.0
P00575,10288293.0
P00782,11564047.0
P09266,5045595.0
P05541,9428604.0
P07213,12035569.0
P03123,6995160.0
P01741,8633371.0
P04336,9416901.0
P02060,19074400.0
P04800,11313300.0
P01707,6980005.0
P06617,6876181.0
P08260,11171698.0
P07352,13105161.0
P01510,4925767.5
P06564,13105588.0
P08889,9346036.0
P07268,11622282.0
P08641,12453818.0
P03743,8321629.5
P08861,9360870.0
P07687,9134380.0
P06080,6045932.5
P01691,7598383.0
P03308,6067970.5
P00113,10625921.0
P04949,8520678.0
P04243,9568850.0
P04199,11867225.0
P02919,15037051.0
P06267,7413411.0
P07383,14530577.0
P05429,13863675.0
P07746,9681413.0
P08241,13890778.0
P00774,9628262.0
P02143,14767758.0
P00054,15494758.0
P05676,10152612.0
P05875,5200682.5
P05395,11208072.0
P07026,8159003.5
P09598,8913369.0
P09339,20660592.0
P03381,9280741.0
P08655,14242002.0
P02719,6823907.0
P06426,11234955.0
P06890,13257983.0
P02086,8334807.5
P00830,6221478.0
P06941,16553912.0
P02557,11526836.0
P07158,14458563.0
P08899,9126378.0
P10027,8655775.0
P03382,2893075.75
P02619,10517540.0
P01966,14676436.0
P01898,16303640.0
P08328,14298112.0
P08153,10643557.0
P03374,7351800.0
P02884,9860919.0
P04956,7350745.0
P03101,8489944.0
P02129,10415131.0
P08409,14107808.0
P04789,9143701.0
P06595,13879254.0
P08818,19712916.0
P00049,18224012.0
P08666,12857182.0
P05554,11975520.0
P07193,13458716.0
P09408,9730243.0
P04719,11654588.0
P04932,7580943.0
P08708,20538162.0
P02340,13452843.0
P03249,12381624.0
P06831,9586789.0
P08001,7238419.0
P03973,4331387.0
P00444,10546881.0
P04158,9023912.0
P05855,14505044.0
P07262,11859712.0
P05559,5586930.0
P05021,8803726.0
P04934,17651614.0
P04829,7190820.0
P00660,9048650.0
P03892,13685193.0
P01406,9383368.0
P01094,8863753.0
P05683,10762854.0
P07631,8671430.0
P00484,18889740.0
P05440,6480113.5
P04666,13902934.0
P08189,8564094.0
P09308,6122484.5
P05750,9448581.0
P00197,11355864.0
P01039,10250232.0
P09092,7810875.0
P06411,9593548.0
P04634,7776299.0
P09504,19654858.0
P01248,7401656.0
P00972,12881922.0
P00715,11899360.0
P02242,11686332.0
P07921,8029652.5
P00696,14110152.0
P08880,9347385.0
P07657,6659195.5
P06355,6393762.0
P06033,7118532.0
P00383,6747278.0
P09085,18174258.0
P06524,8297463.5
P01567,11631522.0
P09132,7392292.0
P00940,12545468.0
P08171,20638516.0
P00456,12105367.0
P04128,6668749.0
P02328,13376518.0
P00793,13719170.0
P02409,8468639.0
P01064,13268692.0
P05038,11956326.0
P05479,8398880.0
P00326,8768526.0
P00974,7674357.0
P05278,11173370.0
P08168,9538160.0
P05103,13623800.0
P04646,9403625.0
P08299,11553561.0
P00859,11680545.0
P02708,4674792.0
P09223,9156112.0
P03765,8237909.5
P03835,13675057.0
P02787,12927651.0
P00567,20355012.0
P01184,20812988.0
P04181,8960870.0
P01221,12907288.0
P09360,8158012.5
P07530,11511825.0
P04603,7084366.0
P01306,8809928.0
P08283,19895800.0
P05162,11301743.0
P09889,11009532.0
P09432,9195944.0
P01524,18492056.0
P07172,14358434.0
P03266,7155443.0
P07889,9860274.0
P04431,7077272.0
P01797,9313450.0
P00268,13273467.0
P08897,11863935.0
P04788,7571462.0
P08215,10589430.0
P03595,9524644.0
P01202,13406028.0
P01297,15095177.0
P00618,12923908.0
P05952,14007446.0
P00102,14929927.0
P09921,15615373.0
P09040,14879038.0
P01561,19047112.0
P03040,12191635.0
P01726,9594084.0
P08303,13164239.0
P08679,7802949.5
P00044,13906166.0
P03533,6624498.0
P04424,9609325.0
P04909,13898640.0
P00235,11449550.0
P05419,8496718.0
P05054,10149402.0
P03596,6895087.0
P07307,12657972.0
P05807,9241527.0
P05815,5182769.0
P09586,12791235.0
P07811,7867111.0
P06349,6975699.0
P02253,10117389.0
P02795,12062616.0
P06160,2433433.75
P00762,19532042.0
P00731,13551692.0
P02460,8809462.0
P03135,16129970.0
P00013,10039212.0
P02202,8449884.0
P05706,18381524.0
P06135,8230799.0
P05349,11995250.0
P06331,6981330.0
P03673,11018458.0
P07108,9137859.0
P03471,9646350.0
P06194,8750824.0
P05433,6289637.0
P03263,10782605.0
P05463,9972852.0
P02095,8306502.0
P04411,3798645.5
P02266,12427898.0
P04589,5987508.0
P02187,12861068.0
P03438,10934152.0
P09224,8545532.0
P08410,9142086.0
P09790,9308964.0
P09729,10746352.0
P04857,9155812.0
P06887,12067910.0
P04640,8980118.0
P00207,9669691.0
P03508,6772674.0
P05938,5907899.0
P03547,14588258.0
P05288,6047544.0
P05420,4756035.5
P02326,12127892.0
P06785,8882120.0
P07151,11556226.0
P04014,14045113.0
P08263,10548002.0
P07365,13391518.0
P09960,9319824.0
P02196,8618044.0
P07441,8522904.0
P09069,14408151.0
P05937,7676184.0
P05930,9867641.0
P01100,11401701.0
P03395,10957975.0
P07971,9502063.0
P04746,10181920.0
P08162,11235846.0
P07666,8079681.5
P04537,8205562.5
P03593,13886790.0
P01054,13544422.0
P07884,14870886.0
P01290,10591043.0
P00320,17033408.0
P04621,7066021.0
P03877,18045452.0
P06541,11325491.0
P08952,7760841.0
P04902,7158927.0
P01800,9009875.0
P08866,13471040.0
P04898,7928126.0
P09112,10481588.0
P04962,11825230.0
P09567,14071828.0
P04072,9595772.0
P07859,13718514.0
P09852,10459428.0
P09042,14396788.0
P01141,9491884.0
P00805,10064821.0
P05860,21551388.0
P03638,17552616.0
P05972,13492108.0
P09829,17217976.0
P07286,10127520.0
P01416,8317586.5
P02104,8135592.0
P03028,8034592.0
P07450,8235189.0
P08176,9066872.0
P06305,8196084.5
P01242,13626114.0
P02341,9715610.0
P01842,6241081.0
P06403,8816790.0
P07301,8889856.0
P09454,7592818.0
P02514,5344889.0
P01440,10691302.0
P07960,11173000.0
P07390,9022878.0
P08137,11357476.0
P02599,10917980.0
P07625,8554168.0
P07970,13531832.0
P00038,12753130.0
P07030,9776675.0
P03591,12301326.0
P00492,9013666.0
P05265,12385944.0
P09261,8180803.0
P09858,9613730.0
P04062,5210151.0
P00260,15274352.0
P01610,8330597.0
P05645,9041148.0
P00336,15966370.0
P07797,11509635.0
P02312,12464586.0
P04276,10942957.0
P05730,14307367.0
P02704,19600144.0
P00232,7104923.0
P07615,7699149.0
P06795,13223492.0
P06949,8174225.0
P04559,13045538.0
P05689,11087804.0
P04881,19140676.0
P05848,9428113.0
P05839,10730938.0
P04496,16150109.0
P08638,21708746.0
P09949,10191452.0
P09995,10225122.0
P08243,9854460.0
P02538,10653144.0
P07590,10699666.0
P00710,15363737.0
P02942,9498628.0
P03092,7662506.0
P07694,10796736.0
P03788,7888338.5
P08111,8479142.0
P09810,13141000.0
P06309,14555506.0
P02728,9540550.0
P07655,11586814.0
P00124,11086556.0
P02546,12545590.0
P08013,21287078.0
P01044,12054777.0
P02295,9012012.0
P10011,13843167.0
P08259,8483038.0
P01716,9060716.0
P04251,4099216.5
P08497,13022332.0
P00835,7943815.0
P00996,9649260.0
P09897,9970138.0
P05993,18559978.0
P09757,9739943.0
P04654,12768956.0
P03643,11846813.0
P05939,18695664.0
P01192,13381478.0
P03238,13269954.0
P05146,9819800.0
P07037,11375708.0
P07214,14035396.0
P01461,10059732.0
P01648,5372513.5
P02175,12576864.0
P04120,6583068.5
P05988,11171924.0
P05721,11605997.0
P04464,18357030.0
P01630,5813195.0
P00091,10722616.0
P09356,8514912.0
P02683,9263764.0
P03759,12270866.0
P06093,9362328.0
P03388,13078242.0
P09467,4561308.0
P09859,9003722.0
P09609,11925530.0
P04896,10266590.0
P05949,13351656.0
P02002,5236374.0
P06714,10456298.0
P08095,13559885.0
P01638,10545958.0
P00202,10808556.0
P01621,10376338.0
P09424,8868728.0
P00490,12853661.0
P04205,12422008.0
P02379,13319904.0
P06620,11705280.0
P09646,14417821.0
P05688,10599697.0
P08878,6825892.0
P01466,12329199.0
P01940,5189279.0
P09840,15146924.0
P03990,14608536.0
P09602,8776960.0
P09774,10213438.0
P06268,9134798.0
P04017,6581272.0
P06385,10018131.0
P00024,9006728.0
P02663,9688090.0
P03312,12307550.0
P04039,10805186.0
P08623,7369518.0
P02068,12109132.0
P00985,19773758.0
P01659,12117061.0
P00104,19512828.0
P02958,12465117.0
P07934,15814855.0
P00440,15110481.0
P02043,12319644.0
P04689,14337787.0
P02836,8466444.0
P06335,10478740.0
P08934,8090594.5
P04671,12849424.0
P05317,2916655.75
P03701,8992369.0
P06070,20723816.0
P08116,6325803.0
P05140,8358004.0
P01373,11869115.0
P02628,11186382.0
P04773,7445292.0
P09842,16447130.0
P03099,15497612.0
P09083,13987052.0
P03650,18006036.0
P03539,9391139.0
P03275,4411403.0
P03380,13522007.0
P03937,4991319.0
P08991,19521512.0
P00497,11282716.0
P00592,9163607.0
P06365,11459557.0
P00271,12357702.0
P03477,6769257.5
P05922,8971576.0
P08761,12556204.0
P08734,10165582.0
P08183,7437472.0
P07804,12972878.0
P05385,4612732.5
P02614,8645760.0
P03042,7216587.0
P07999,12579968.0
P08510,10879131.0
P00318,12728923.0
P03605,12999941.0
P00417,18922796.0
P07324,22429254.0
P07491,11668634.0
P01969,12747070.0
P03364,13673465.0
P04864,4756151.0
P06176,9178504.0
P05545,10247998.0
P04265,17621350.0
P09759,6785816.0
P01311,13851563.0
P08957,12028536.0
P05178,7964332.0
P05903,5836770.5
P08204,14157236.0
P09487,7372900.5
P00333,7844397.0
P04429,2928530.25
P08606,8255944.0
P08521,18216424.0
P01348,7082276.0
P09547,14992276.0
P01228,13893822.0
P03920,11260152.0
P06086,12758920.0
P00059,8647080.0
P02949,6640392.0
P06025,5691427.0
P03424,13671784.0
P05089,11854671.0
P00348,11163670.0
P09247,7434168.0
P04547,13192920.0
P07493,22291216.0
P07052,12399870.0
P09442,12548587.0
P06829,19649100.0
P06388,10639610.0
P04985,13062628.0
P02152,10519096.0
P01764,20517672.0
P02666,11488982.0
P01696,9487895.0
P02821,11911450.0
P09878,10607472.0
P03075,6470116.5
P08563,6268803.0
P07271,9782430.0
P03483,17195512.0
P09437,10150334.0
P02491,11926953.0
P04193,9928894.0
P09716,9821548.0
P05887,6617701.0
P04454,9678528.0
P06170,5607941.5
P03530,13840705.0
P09877,10080500.0
P06852,15609209.0
P05933,13368210.0
P00657,8276567.0
P06748,9879450.0
P07013,8527568.0
P05649,12559482.0
P06061,10656962.0
P02790,11398127.0
P02410,14958665.0
P09249,14247128.0
P09635,12434920.0
P08185,11320353.0
P03057,6242975.0
P00799,13506529.0
P01960,17836170.0
P06526,7661284.0
P04692,5547541.0
P01304,13466052.0
P05581,12425704.0
P07533,8088583.5
P06659,12125524.0
P03632,5331703.5
P09125,9770111.0
P06024,8712572.0
P08040,20341072.0
P03695,8811860.0
P04735,7939665.0
P03843,16606061.0
P09133,11609988.0
P01261,11697726.0
P07336,9072059.0
P09251,11929223.0
P08057,6798784.0
P04183,11953425.0
P05828,7811867.5
P04321,6532352.0
P06605,16487109.0
P02259,11331508.0
P02766,7035606.5
P04539,8877014.0
P09323,7394235.5
P01776,12539754.0
P04169,9074410.0
P09334,6387671.0
P06849,8067764.0
P01547,7367167.5
P09667,12324407.0
P05792,7680574.0
P02909,12541282.0
P01540,6049145.0
P02224,7749937.0
P08378,12601552.0
P09647,13720954.0
P09752,9348801.0
P05337,5136547.5
P09532,9478220.0
P01637,11064820.0
P04036,10598142.0
P05462,8375200.0
P09955,14618460.0
P07991,12169072.0
P05982,10709309.0
P00547,8521614.0
P09045,14734442.0
P05977,12831825.0
P09331,7867063.0
P06474,6359593.0
P00365,9000198.0
P09641,9512443.0
P06362,14289687.0
P06140,7911120.0
P00077,8478808.0
P02277,12099931.0
P03390,15376671.0
P03402,14470240.0
P04776,12227892.0
P00540,7468924.0
P09587,12459934.0
P00313,14962358.0
P01300,5935068.0
P07577,15576156.0
P03039,13641894.0
P05207,8016323.0
P09494,9562077.0
P08403,8689966.0
P06502,6412549.5
P06493,10816976.0
P00672,11869866.0
P07302,13720009.0
P09543,7928765.0
P04767,9997394.0
P00619,12329340.0
P01077,7763609.5
P07886,5638751.0
P01870,11666085.0
P04065,19381376.0
P00436,11034671.0
P02284,14675950.0
P06897,13307692.0
P08502,20104168.0
P09678,7636616.0
P02345,8697352.0
P09644,9938383.0
P04488,6058980.0
P09096,11862566.0
P04030,12475247.0
P08949,10562917.0
P08218,9395871.0
P03375,8062851.0
P00946,8418505.0
P08398,15287292.0
P08993,12472504.0
P03514,9905268.0
P02315,5454750.0
P02610,6911185.5
P01214,11908978.0
P06059,12383569.0
P00462,13260796.0
P06921,13757024.0
P06800,6832609.0
P04267,9874538.0
P00179,20063810.0
P01729,12510050.0
P03269,9406850.0
P02808,10872259.0
P00349,7858226.0
P05032,14973440.0
P09747,11014300.0
P10020,12472031.0
P07162,9951182.0
P04166,12097836.0
P06777,13066828.0
P05497,6383669.0
P08354,14881431.0
P02912,7886181.0
P06021,7476873.5
P09364,13189312.0
P00693,18022022.0
P00605,13130139.0
P04149,7345604.5
P03647,11100143.0
P09228,12886256.0
P03742,7271841.5
P04327,20934822.0
P09982,12997694.0
P08632,8845856.0
P01126,12897691.0
P03480,9436208.0
P04361,8806120.0
P08349,10957122.0
P04425,10255776.0
P09455,10777599.0
P03095,8192743.0
P04349,17654374.0
P08219,6717420.5
P04517,6250059.0
P00523,14641904.0
P07874,12716821.0
P09907,10529669.0
P05273,9189414.0
P08515,12603154.0
P04996,14049726.0
P04155,6841063.5
P09535,11074726.0
P07983,9228748.0
P07289,7779022.5
P02058,13787596.0
P08222,9494853.0
P00923,22088378.0
P09081,9668616.0
P04495,4792353.0
P04133,8487228.0
P08946,8136490.0
P06224,7268702.5
P04469,8196270.0
P01839,12450455.0
P01436,11985408.0
P04224,5192890.0
P04313,8664327.0
P00208,7690159.0
P04491,9843584.0
P09160,16239622.0
P04937,8897587.0
P08542,10949989.0
P01040,6626283.0
P00206,7198686.0
P01945,8487033.0
P07148,8275013.0
P04097,7649262.0
P03434,15010109.0
P00437,11809698.0
P06956,7348259.0
P05376,8562490.0
P02731,8001237.5
P07895,12835929.0
P03804,7226316.0
P05220,15350790.0
P08555,7879174.5
P03209,9376393.0
P01819,12097834.0
P07646,9477306.0
P00344,9190520.0
P04587,14421152.0
P09753,7226448.0
P08425,9502884.0
P05084,8880266.0
P03563,7470994.0
P01594,6551052.0
P02339,10332906.0
P05555,9601021.0
P04721,6943093.0
P04093,9261875.0
P08089,14513312.0
P09378,7226353.0
P07421,10873147.0
P01759,5873121.0
P07167,9392708.0
P08437,7074583.5
P04886,7783373.0
P01479,7139457.5
P02773,13005344.0
P08470,11462320.0
P02635,13215655.0
P07872,19744302.0
P03756,11968738.0
P09216,6659803.0
P05141,8213551.5
P01509,13403570.0
P09721,13008510.0
P06471,8955198.0
P07114,9515878.0
P07201,9777216.0
P07279,16495140.0
P03204,19435588.0
P08892,8807807.0
P02337,12428964.0
P02354,13734411.0
P05088,7278411.0
P04908,7737939.0
P07238,10627620.0
P04781,8659165.0
P05692,11470171.0
P05453,9101616.0
P05143,7490148.0
P07168,18024232.0
P09853,15075395.0
P08595,14859537.0
P05012,10410760.0
P00439,12956226.0
P09120,12312431.0
P03886,13821024.0
P02535,12781366.0
P00265,13388322.0
P07202,12933255.0
P05788,8604220.0
P04560,6655598.0
P09735,13851379.0
P02017,11594528.0
P08556,9300172.0
P07464,12551806.0
P01730,11757310.0
P06056,12277156.0
P02569,12533900.0
P02742,7680455.0
P03291,18557536.0
P05070,12204001.0
P05397,9484292.0
P06672,18357692.0
P09063,13346180.0
P03478,12407752.0
P01872,12717798.0
P05603,12347854.0
P03466,17669342.0
P05441,8231514.5
P08898,14151678.0
P03245,9455035.0
P02998,10456525.0
P04449,21914590.0
P03862,4626490.0
P02804,7809822.0
P07671,8141137.0
P00117,20076174.0
P01553,9579076.0
P00447,8340634.5
P06178,8263264.0
P03984,9168188.0
P04693,6775261.0
P00060,21628436.0
P05115,13758237.0
P00083,13081596.0
P08198,7491288.5
P05593,7509063.5
P04261,12705585.0
P09233,17966040.0
P00273,11439870.0
P08100,16043671.0
P05204,19440486.0
P03227,3629413.75
P07378,10777464.0
P06105,12395838.0
P08922,14403007.0
P00503,10358589.0
P07943,7803475.0
P08807,14305736.0
P06960,9343202.0
P07964,14471388.0
P01877,8202766.0
P07498,10228016.0
P00950,8821372.0
P02037,9063454.0
P02967,11466664.0
P02707,6040907.0
P04395,16068458.0
P07215,16076297.0
P05901,10988781.0
P02962,14316979.0
P09674,14584086.0
P01273,11961466.0
P06882,20048936.0
P03965,13550418.0
P09171,10516850.0
P03192,4433205.5
P05892,10680608.0
P00287,9346471.0
P07008,7973509.0
P08605,9363588.0
P03692,9548314.0
P07403,11439666.0
P03515,8569958.0
P06680,11170792.0
P02182,4727233.5
P06408,13044362.0
P00536,14859952.0
P06357,7482390.0
P08276,12055104.0
P03412,19008364.0
P03488,13372761.0
P03320,12193454.0
P08043,8632855.0
P08239,9797430.0
P02211,10774900.0
P00116,6446452.0
P02342,13667448.0
P04287,7176935.0
P00173,9196814.0
P03475,5869468.0
P05235,5759616.5
P00543,12838136.0
P00862,12942007.0
P00415,12314700.0
P06233,4803730.5
P08067,14320259.0
P02978,5984822.5
P06428,10071338.0
P00527,9798691.0
P04738,11920983.0
P08678,10193934.0
P07665,10079558.0
P01811,4824163.0
P07791,10532320.0
P00926,13144584.0
P07298,8102687.0
P00613,12187322.0
P00804,7671181.0
P01664,8606179.0
P00875,11313411.0
P07977,16109359.0
P08684,12774778.0
P05628,10483607.0
P06503,13549302.0
P06618,11576572.0
P05831,11420424.0
P03735,10618694.0
P05393,6698688.0
P08725,13259896.0
P08986,9389456.0
P05732,10002196.0
P07106,11642848.0
P04966,6495367.0
P06032,9000778.0
P03169,13089044.0
P01010,7884151.5
P04731,14875008.0
P05931,13583712.0
P00080,18162676.0
P01233,12077883.0
P05758,11891710.0
P04623,6325078.0
P02780,15098653.0
P07944,10162411.0
P07763,14025832.0
P04940,10951216.0
P06282,15184066.0
P01075,13143087.0
P05871,21770536.0
P07329,10837381.0
P05001,8023600.5
P10022,11173043.0
P06523,14741706.0
P03300,11473112.0
P08870,10434334.0
P10004,10901379.0
P03535,11463769.0
P07719,7663056.5
P08302,13696852.0
P02301,8890855.0
P00866,11206372.0
P08978,12879943.0
P09913,12282558.0
P00698,12394382.0
P00681,10076097.0
P06060,9943040.0
P02859,5624945.0
P08762,10814457.0
P07733,14683043.0
P05681,12251204.0
P04094,14952574.0
P06480,10678418.0
P06442,11142982.0
P05811,4714663.5
P04049,13513446.0
P01003,11867847.0
P08850,7503814.5
P01338,12176888.0
P06701,14491626.0
P07076,12651955.0
P06619,11034550.0
P09518,8820763.0
P01899,12094588.0
P00369,19481484.0
P04747,7455691.5
P08920,13333626.0
P03097,12862880.0
P07288,10681789.0
P09209,8347734.0
P04757,8588416.0
P03907,5514710.0
P04150,10083579.0
P04581,13696604.0
P09801,10241324.0
P06725,6396222.0
P06575,8505081.0
P04359,9429049.0
P02256,8026816.0
P06927,12170920.0
P08233,10671298.0
P00991,8061102.5
P06872,8455488.0
P03894,10759556.0
P04174,15678404.0
P03045,8317045.0
P02375,14888396.0
P06402,9121709.0
P05998,11658824.0
P06743,12722276.0
P04255,5268715.0
P09341,8855434.0
P03214,13104607.0
P06425,8351266.0
P01245,8674666.0
P08200,12170990.0
P08833,9880404.0
P00761,13537559.0
P00406,12930924.0
P02036,5319778.0
P07043,13189707.0
P04404,10403038.0
P06190,5428903.5
P08366,8990515.0
P08404,13174999.0
P01830,8686914.0
P00933,14534970.0
P01717,10921774.0
P08680,10537726.0
P07549,14313813.0
P02510,7109087.0
P03134,6615237.0
P07843,10614166.0
P01134,7970888.5
P04308,10432978.0
P08087,17043386.0
P03518,5645419.5
P09410,18136350.0
P05816,7644029.0
P06778,17246584.0
P08346,10639444.0
P08397,7545155.5
P07486,10291665.0
P09848,12490172.0
P02150,4228583.0
P04461,12317268.0
P06074,9930172.0
P09844,9560882.0
P08741,13020568.0
P01079,6065492.0
P04787,11046385.0
P00772,10671032.0
P09306,10186159.0
P03131,4989261.5
P05294,14342340.0
P04381,19336900.0
P06430,8872551.0
P02625,3908759.5
P01562,16821052.0
P08637,10877398.0
P09062,8116225.0
P05889,5317584.0
P06397,8249695.5
P06607,9644654.0
P02509,6044867.5
P08594,20291772.0
P04337,4634881.0
P00795,10753814.0
P02923,7333458.5
P09082,8678578.0
P03826,8406608.0
P09002,21676524.0
P06451,8882843.0
P09236,6758818.0
P08758,8534123.0
P09695,13430208.0
P03079,11030292.0
P03624,4321837.0
P03859,6358000.0
P08675,12058126.0
P08549,3898763.75
P01581,14460014.0
P06563,9005318.0
P04368,7316426.5
P07757,21179732.0
P09071,10039941.0
P02639,9358266.0
P04282,9076812.0
P09428,10356258.0
P09682,8569584.0
P03100,6873234.0
P01136,10785557.0
P02427,8202537.0
P01996,6082064.0
P07482,10509165.0
P09630,10187810.0
P05324,3539406.75
P08847,11392790.0
P05643,8698058.0
P09184,11748432.0
P02318,13699436.0
P00737,10979426.0
P07146,9758612.0
P07326,13472461.0
P01199,11797807.0
P08365,16320292.0
P09749,16579718.0
P00094,19386852.0
P08750,10113398.0
P03467,9109308.0
P09022,7501274.0
P06580,14133858.0
P01138,18996820.0
P08525,12867068.0
P02837,11911267.0
P03321,13192941.0
P08491,10507900.0
P04231,6791999.0
P08498,7917907.0
P07710,14382794.0
P03856,8665538.0
P09797,14179089.0
P04511,11497844.0
P05527,10672720.0
P00457,14050092.0
P01262,9730885.0
P09072,10190590.0
P00065,12315435.0
P06658,16481844.0
P02700,9548036.0
P09789,17141412.0
P03398,12253604.0
P06823,16035075.0
P03155,12480610.0
P01414,9770257.0
P03667,7848070.0
P02566,11293290.0
P03799,8394064.0
P04876,13401954.0
P05588,7144480.5
P01271,9702023.0
P00496,12587126.0
P07470,9757856.0
P01977,22125436.0
P02199,7819146.5
P00588,11453920.0
P02059,12237139.0
P01169,9215880.0
P07610,8731322.0
P04960,8345741.0
P08074,10124291.0
P09988,9752599.0
P04918,10331906.0
P06023,6808780.0
P05019,6955401.0
P06765,10439656.0
P04116,11059032.0
P06702,19034100.0
P02358,10725554.0
P01130,9187326.0
P02592,8800772.0
P05062,9810390.0
P05574,7248380.0
P07220,14270108.0
P00581,7995280.0
P07059,7811483.5
P06468,9478925.0
P01556,9481100.0
P02282,10810060.0
P08871,9410282.0
P04669,7885791.0
P07045,8666598.0
P07064,17803940.0
P07584,11005144.0
P01494,14436418.0
P04687,9797492.0
P01740,7189694.0
P10030,12444221.0
P09421,8473931.0
P07115,9146509.0
P08172,9546388.0
P04848,6729101.0
P04945,6110993.5
P08379,11128113.0
P04780,4736986.0
P03824,9834392.0
P07832,14431948.0
P00155,9389951.0
P01677,10605260.0
P09895,15892666.0
P08022,12374848.0
P02697,15371275.0
P01144,21266888.0
P08687,15626843.0
P05878,6772368.5
P04309,7251377.0
P09938,16518288.0
P02042,10580920.0
P03215,10087059.0
P00736,17785560.0
P00198,14532610.0
P05911,18388344.0
P01197,13574848.0
P03268,11161502.0
P02812,11627246.0
P02446,6991435.0
P07276,13170674.0
P03801,5546361.5
P08046,14378690.0
P08671,8974056.0
P09873,10343568.0
P09954,14724497.0
P09006,17389174.0
P08704,18475904.0
P04905,11460608.0
P03306,9507423.0
P06372,11396782.0
P01441,10220023.0
P04964,10399831.0
P00999,14642546.0
P09227,15145031.0
P09820,10155629.0
P09118,13367339.0
P05368,7401688.5
P02122,20598608.0
P07918,10152651.0
P04162,10152628.0
P05361,5274961.5
P06284,10412401.0
P02214,10832436.0
P09155,21270462.0
P03677,12444888.0
P07476,9074852.0
P01731,13397046.0
P07305,8785703.0
P03832,11973058.0
P02213,17320842.0
P04635,13934056.0
P07702,8078448.0
P04659,8301235.5
P01211,12815045.0
P04990,19046180.0
P08721,9861908.0
P08484,15480225.0
P05016,20080340.0
P02474,19211120.0
P06371,13122958.0
P03280,7168833.0
P05026,6202076.0
P07426,13213093.0
P04408,12849031.0
P03354,18130212.0
P01894,12639680.0
P02333,8142356.0
P07799,18916874.0
P07154,8853487.0
P02400,15888214.0
P06162,9287006.0
P00309,12551750.0
P04969,5021217.0
P07230,14809526.0
P01289,15001001.0
P09865,9792793.0
P02430,10486982.0
P06868,14344563.0
P08654,9311628.0
P06566,7052373.5
P07715,10979116.0
P02250,9248964.0
P08124,13563470.0
P09857,9625488.0
P01366,12887670.0
P09181,21216468.0
P08627,13935570.0
P01204,13526074.0
P07240,9819482.0
P02415,6483000.0
P06520,8088455.0
P03740,3862722.5
P06731,9585709.0
P03863,8482864.0
P00690,19848494.0
P07223,9704149.0
P03212,6049220.0
P03952,10076482.0
P03035,8122327.5
P08453,7886054.0
P04143,15148464.0
P03456,11789554.0
P06420,7135877.0
P00676,12168272.0
P01611,7746852.0
P07700,18561994.0
P05678,15220660.0
P03313,13927376.0
P08900,10793645.0
P09795,13838940.0
P00424,10552790.0
P09232,9085950.0
P01229,13275266.0
P05061,15672839.0
P00689,9021936.0
P09150,7991494.0
P03744,13365869.0
P03697,12659680.0
P02226,12237193.0
P04289,4008300.0
P09693,9150356.0
P02329,10407584.0
P02281,10007459.0
P00752,15248802.0
P06885,12721856.0
P01980,6290464.0
P02414,14047300.0
P01292,17448964.0
P07559,10177461.0
P05881,7809542.0
P02782,7502484.0
P05585,4820594.0
P03971,18526292.0
P04184,9642612.0
P09637,10028856.0
P00258,13845444.0
P09480,15668392.0
P09465,8229223.0
P08446,13607915.0
P04210,14313892.0
P09346,11160496.0
P00379,10927633.0
P04546,9556916.0
P00556,13837580.0
P00797,16190249.0
P01841,16899480.0
P06584,20723912.0
P08021,22592780.0
P06710,8484895.0
P09525,10736860.0
P09097,11110574.0
P09605,14597204.0
P02035,4621298.0
P03309,12100960.0
P08139,9158062.0
P01263,7915392.0
P07981,8482207.0
P08936,8229272.0
P01453,12096929.0
P04696,9444528.0
P09310,9259906.0
P06055,6157174.0
P02444,7901831.0
P05036,12345466.0
P02847,11575050.0
P05539,7985527.5
P04301,15583088.0
P04453,21507636.0
P01001,11654850.0
P09811,8808210.0
P03218,9349506.0
P09614,10380641.0
P09254,11374514.0
P03962,22880274.0
P01269,10720660.0
P08324,10153610.0
P00519,12405945.0
P05092,13727601.0
P01591,12870732.0
P02063,4967864.5
P06918,10040168.0
P04373,12621565.0
P04540,12279144.0
P01252,11339292.0
P06490,8595849.0
P05785,8501540.0
P09989,15033443.0
P07718,11259637.0
P03371,12512400.0
P08402,8617132.0
P00648,12962632.0
P00181,10241488.0
P04372,12784015.0
P07160,12458400.0
P06863,13734955.0
P00684,13261086.0
P06134,8786377.0
P08935,16727402.0
P02869,9067336.0
P05482,8210136.5
P02939,10998924.0
P04796,6979246.0
P02200,13558008.0
P04394,3988189.75
P01890,12928482.0
P04601,10106966.0
P08489,10499872.0
P07712,11168214.0
P06697,17374536.0
P07017,15826336.0
P03082,6746830.5
P07018,8382102.5
P07394,7181319.5
P09688,14550940.0
P08187,11682526.0
P04284,3946827.5
P04152,8174686.0
P06281,8639522.0
P01805,7970649.0
P06286,8746129.0
P03241,9927319.0
P06839,9032790.0
P10025,11162580.0
P04889,15026360.0
P08213,17537910.0
P04351,10823134.0
P00798,22052306.0
P08423,12397663.0
P00885,14689188.0
P02049,6738179.0
P09286,11200722.0
P08668,18250644.0
P02525,10796430.0
P02975,13210250.0
P04545,8607680.0
P02346,6803943.5
P09850,13460710.0
P01531,7156893.5
P03285,7129607.0
P09669,14422184.0
P05075,4729499.0
P01828,6389632.0
P09219,13389111.0
P03106,9577038.0
P06014,16034987.0
P03616,11104622.0
P07837,9280138.0
P08157,9896311.0
P08092,9097930.0
P04165,10648062.0
P07743,14122770.0
P02681,12136450.0
P05206,11321428.0
P02032,8295727.5
P06819,13719263.0
P00323,14605512.0
P01858,8559869.0
P07001,18541354.0
P02924,10752018.0
P07738,11762435.0
P08886,10211820.0
P05863,8302315.5
P03872,10074009.0
P09499,11870413.0
P00090,7698428.5
P04828,8006201.5
P08064,14415074.0
P04989,21308052.0
P09053,13671429.0
P05487,7254746.0
P05116,6503133.0
P03865,8280867.0
P07675,14492031.0
P06087,10119580.0
P08914,13180458.0
P06352,10913294.0
P05188,9095959.0
P07517,13705413.0
P02563,6059117.0
P04365,7228914.0
P03427,11936036.0
P00053,13602612.0
P02407,6962498.0
P09278,12637602.0
P00819,8997747.0
P02699,18064560.0
P07315,18904932.0
P03798,14358225.0
P04858,9571560.0
P05398,10974456.0
P02732,12099790.0
P07628,9489198.0
P07796,10573222.0
P01698,13854988.0
P06322,11719008.0
P00682,9761655.0
P08483,12000098.0
P00907,8730724.0
P05457,5918893.5
P05090,13136502.0
P03120,4531181.0
P02154,9870916.0
P07896,13002508.0
P09277,7713375.0
P03444,7853161.5
P04947,8956332.0
P09792,9137177.0
P00594,8637122.0
P07296,9046268.0
P04822,6928361.0
P06151,9730080.0
P02574,12416154.0
P01962,12763032.0
P00734,13528265.0
P06456,15607615.0
P09317,8948982.0
P07087,13429876.0
P00533,12478255.0
P06905,12081636.0
P08714,8596319.0
P07452,9702346.0
P02642,12334922.0
P04838,14554706.0
P04998,10176508.0
P09966,14318137.0
P06647,11840510.0
P09156,8976671.0
P02353,13904503.0
P00428,11633313.0
P04626,9990873.0
P01274,7433126.0
P08557,10756934.0
P08180,12988284.0
P01047,9672727.0
P07316,6977983.0
P00971,13712346.0
P06497,9859265.0
P02963,10461348.0
P05716,11527414.0
P01224,11541157.0
P07785,5331455.0
P02578,10992000.0
P05583,19013256.0
P03419,6972267.5
P04396,12132149.0
P09548,9493634.0
P03482,4353269.5
P06124,9430426.0
P05411,6218340.0
P04392,12484266.0
P09025,13494534.0
P01871,7760013.0
P04161,9164578.0
P06111,17824264.0
P03948,10123496.0
P09900,10007665.0
P08280,18441508.0
P07149,5462390.5
P02981,11902844.0
P05458,8616524.0
P02835,10426831.0
P06366,17761772.0
P03750,8458704.0
P08828,9438512.0
P01532,12647792.0
P08495,11999180.0
P05071,10283274.0
P01515,9131389.0
P04214,5901430.0
P08661,9563121.0
P08073,9220754.0
P07965,13822615.0
P06258,13398695.0
P03176,12820351.0
P01486,10327249.0
P06421,11574238.0
P02467,7821522.5
P09880,13658695.0
P08551,10514534.0
P04576,7843413.0
P04220,8393358.0
P02456,8391778.0
P08036,9872177.0
P08910,18328004.0
P07186,9913732.0
P07604,14214094.0
P03935,13170613.0
P08029,7851917.0
P05677,17695730.0
P03437,7260789.0
P08631,18124994.0
P03945,5076137.0
P02826,9616634.0
P04987,14600725.0
P06510,6549567.0
P00686,12049049.0
P02161,6283483.0
P08416,8549977.0
P00381,10906026.0
P08789,21021782.0
P08106,9483030.0
P07328,8320714.5
P08341,7237931.5
P01882,9406511.0
P07465,13140998.0
P07398,13418225.0
P08097,11595521.0
P01917,12157192.0
P02889,13399360.0
P08846,13583180.0
P05148,12574488.0
P08538,10256386.0
P00788,10244582.0
P02173,20862176.0
P08242,9260786.0
P01823,8403990.0
P00222,12670918.0
P02038,12324642.0
P02612,8421495.0
P08372,9377760.0
P09326,13582637.0
P09562,12973876.0
P00876,8889181.0
P05731,18117012.0
P04111,14532283.0
P04527,8623251.0
P09430,8321373.0
P04667,19289838.0
P02870,22017594.0
P09496,13766192.0
P05664,9937526.0
P09282,10327294.0
P02260,11874320.0
P04508,17697584.0
P06802,11511382.0
P04380,8684962.0
P07227,15002291.0
P03341,9050805.0
P00131,14070426.0
P00576,11951928.0
P07166,14032026.0
P06251,12384453.0
P06237,14080300.0
P01514,9641415.0
P04007,12164814.0
P06923,7783904.5
P06633,9934688.0
P09927,12764219.0
P00997,7494215.0
P07393,16112566.0
P01587,9211484.0
P07244,8566886.0
P09172,21810536.0
P08944,13606612.0
P06147,10320180.0
P07095,10853778.0
P01019,21637244.0
P03439,8838124.0
P01612,7469312.5
P06906,19294552.0
P08532,8156061.0
P07438,11057562.0
P08759,8318045.0
P07920,7499797.0
P07766,11381490.0
P04487,12731610.0
P08719,12607500.0
P01050,20395268.0
P08834,9586383.0
P01117,14153206.0
P06383,4014329.0
P08791,10431240.0
P03327,10225745.0
P08744,21823136.0
P06197,6838759.0
P10006,13699768.0
P09926,9655533.0
P01884,8021837.0
P02777,9669220.0
P07670,9577298.0
P08093,7064264.0
P00337,11977880.0
P08727,13342934.0
P02046,11127173.0
P01930,14016302.0
P09089,7245471.5
P04003,6777692.0
P00307,13747947.0
P08432,12872710.0
P04912,9270223.0
P07728,12006630.0
P01784,9126218.0
P03567,11531142.0
P09849,13768192.0
P05587,11130701.0
P03707,6518171.5
P00291,7178996.0
P03307,4863608.0
P01702,11404896.0
P02803,11430386.0
P08652,8900711.0
P06443,6266950.0
P03910,9551850.0
P06787,12627311.0
P02405,10595672.0
P06112,9946073.0
P08694,7722104.0
P05138,8650742.0
P06405,8139388.0
P00236,10480285.0
P09253,7824037.0
P08882,9759170.0
P08424,18579218.0
P08592,18983656.0
P08212,9112888.0
P01563,5926678.0
P07821,18803572.0
P02305,9018172.0
P06679,13902978.0
P07927,8016954.0
P03010,10378206.0
P02107,5846192.0
P05388,10048559.0
P03188,8539198.0
P08112,5224186.5
P07083,13102520.0
P08629,11178274.0
P02999,8673241.0
P01396,7421868.0
P02668,13382210.0
P05694,7530942.0
P03974,7937101.0
P08041,10800682.0
P02526,13017087.0
P01434,9590169.0
P01733,5295927.0
P03961,13561313.0
P08196,11401360.0
P01765,18838138.0
P02098,8987614.0
P07761,9402022.0
P09796,8937984.0
P03600,9959486.0
P02071,9138746.0
P03919,7144128.0
P10009,10183149.0
P06377,12716462.0
P09335,7604995.0
P02539,10552232.0
P06137,14333682.0
P04419,12128166.0
P07006,11375570.0
P00129,10379688.0
P07126,9913518.0
P09731,9421906.0
P00769,8245692.0
P04457,11505680.0
P09217,16135744.0
P09645,7530700.0
P04154,11366604.0
P00872,13783168.0
P08928,11632922.0
P03933,5774159.0
P06737,9994095.0
P01595,7751906.5
P05921,11632921.0
P03649,14747812.0
P05448,12586941.0
P03179,7271834.0
P02383,7791071.0
P09463,12573410.0
P09705,8393605.0
P00513,8790137.0
P08965,12007388.0
P04655,6428350.5
P00947,14965408.0
P03537,11092113.0
P09471,10079584.0
P06963,9058428.0
P03410,11916445.0
P01438,21378220.0
P01355,10530422.0
P02601,8361850.5
P03325,19396100.0
P02422,8867850.0
P07300,9710266.0
P03523,6931494.5
P01277,9796214.0
P01180,9593084.0
P04585,7367396.5
P09495,13751712.0
P08008,12525105.0
P05799,6257130.5
P00111,9557058.0
P05382,15510284.0
P09486,13218328.0
P00157,7764210.0
P01577,10160848.0
P06436,9575652.0
P09561,10056454.0
P00905,8413098.0
P08072,9779972.0
P09079,18925098.0
P04196,8888562.0
P04825,11115491.0
P03741,15576908.0
P09626,12429866.0
P00559,11473965.0
P08216,14435631.0
P08007,14893906.0
P02074,8868805.0
P04616,6048155.0
P08066,7523734.5
P05421,9693143.0
P05428,15144579.0
P08068,19426660.0
P01035,10463886.0
P06995,10823049.0
P04573,5901970.0
P06546,5321138.0
P00837,11771809.0
P04176,16396031.0
P03618,6356046.0
P05615,12472869.0
P09546,13661988.0
P03814,9723380.0
P06775,19834336.0
P03802,9674387.0
P02408,12857467.0
P07749,11926454.0
P06567,10286280.0
P01364,9889424.0
P00055,14427236.0
P01004,10268744.0
P00931,17706652.0
P07691,10381038.0
P01924,11103230.0
P05256,12936844.0
P02384,13140378.0
P06283,14450845.0
P02756,12885342.0
P09582,12396233.0
P00121,14028012.0
P05925,18926262.0
P06465,6772023.5
P01955,9990957.0
P02522,10675694.0
P07187,11549102.0
P09302,13878705.0
P05538,8042025.5
P01706,12017638.0
P00355,15488375.0
P06693,9736823.0
P02027,12147998.0
P07985,15504366.0
P09838,10590546.0
P03915,11244266.0
P05400,6034831.0
P01641,6225268.0
P09130,11780167.0
P02576,6450842.5
P03242,18677918.0
P02164,9570768.0
P04364,14751136.0
P07505,17424788.0
P00514,9899830.0
P02733,12564943.0
P03296,8369918.5
P08287,8604239.0
P04685,5486670.0
P02970,22291572.0
P03900,19148408.0
P00995,13337619.0
P08291,8029851.0
P07322,11392972.0
P09138,22127646.0
P03283,13703625.0
P09727,10213636.0
P05252,15178322.0
P08736,10341972.0
P04854,7432294.5
P09998,18062792.0
P04262,11600596.0
P07413,9322964.0
P01497,18118028.0
P06655,5814792.0
P04375,4618809.0
P09343,13687841.0
P00843,12826972.0
P05553,5925153.5
P06561,5862230.0
P00915,13852044.0
P09691,13758282.0
P02561,9394210.0
P03809,8729350.0
P00884,12569120.0
P01913,18824402.0
P02490,6924836.0
P03706,11989990.0
P08534,9686520.0
P04656,5522313.0
P03820,20735852.0
P00335,12520321.0
P08941,10775830.0
P06382,19862400.0
P04300,8534603.0
P02286,13433438.0
P01419,7859199.5
P05339,8302510.0
P02489,11806890.0
P05033,13488762.0
P08445,20682360.0
P03435,4791112.0
P01026,7920658.0
P08548,16700841.0
P01012,20355724.0
P05530,12591401.0
P02993,7811132.0
P09200,12069018.0
P07792,8943842.0
P05179,6452140.0
P04035,7767565.0
P08519,10509030.0
P06238,12193292.0
P07063,13443002.0
P02203,19626632.0
P00106,14039497.0
P01620,10905255.0
P05195,8493832.0
P09479,10064441.0
P08505,9605415.0
P07705,13695821.0
P09934,8640970.0
P05212,13026682.0
P04778,8082963.0
P05166,8997460.0
P01483,19743996.0
P01503,7077611.0
P00620,9633602.0
P08376,8604504.0
P03426,11637225.0
P07557,11592595.0
P05879,13665968.0
P08266,22166608.0
P08999,8677828.0
P07674,13939563.0
P04322,13331614.0
P09468,12145990.0
P02665,4753771.0
P01916,8752610.0
P07957,13406138.0
P05159,13364344.0
P06437,8113781.5
P07021,7830836.5
P03022,8112995.5
P04480,13510619.0
P09115,10568920.0
P02930,5737692.0
P03657,11299281.0
P02593,13716319.0
P09476,10648450.0
P05434,17272030.0
P09748,16178335.0
P02258,7965375.0
P01421,10654296.0
P01167,11844332.0
P02783,8355854.5
P02645,19377994.0
P09145,6328732.0
P00191,13691452.0
P01665,12471312.0
P03036,9717896.0
P05065,20588524.0
P04008,12232042.0
P00008,18376060.0
P07717,12308122.0
P09087,8421194.0
P06154,11218665.0
P08801,21842634.0
P09750,10254038.0
P03579,8782100.0
P03682,12191522.0
P00733,19668474.0
P02648,6542725.0
P07601,9420729.0
P00476,10082688.0
P02594,9571944.0
P02324,11699272.0
P01909,14590780.0
P07036,8545782.0
P07372,19666830.0
P08134,10994836.0
P07942,13645428.0
P04595,14673030.0
P03629,6892769.0
P07203,14038728.0
P07894,13371432.0
P06373,8513548.0
P00719,9070158.0
P02928,8501950.0
P03430,6330186.0
P06409,7139164.0
P07130,11351479.0
P03464,9242936.0
P08225,22045576.0
P02081,9329099.0
P07673,13837636.0
P08862,12460164.0
P02559,6525052.0
P01378,11868394.0
P08938,6694435.5
P04995,6110370.0
P00624,18054570.0
P02053,12500248.0
P00601,8514154.0
P07608,6470631.0
P01959,6512839.0
P08590,9123170.0
P00924,7600891.0
P05355,14495720.0
P01527,5724269.0
P09527,12288133.0
P05991,13565210.0
P01715,14693321.0
P06153,7891311.0
P01757,15149830.0
P01369,7319030.0
P07583,19293896.0
P08175,8869510.0
P06969,6627970.0
P02723,12982732.0
P07014,15110128.0
P01719,7268293.0
P00230,21234788.0
P08130,5699114.0
P07355,11609583.0
P08547,18464994.0
P04011,11585593.0
P04664,6243895.5
P06364,13472859.0
P06614,13546753.0
P08258,9886905.0
P01206,12139811.0
P01023,13254090.0
P10013,13770008.0
P01400,12285570.0
P01287,9514764.0
P00353,18354668.0
P00886,10671156.0
P07284,8370323.0
P02462,9984073.0
P01489,6081536.0
P05531,6645948.5
P04761,4884205.5
P00303,9616304.0
P04578,8605294.0
P08980,9229493.0
P00609,11410360.0
P00596,12520292.0
P01259,12350042.0
P09754,15259770.0
P08301,10348464.0
P04592,13040958.0
P03531,11967410.0
P00120,16320273.0
P00801,15141714.0
P03584,6612498.0
P01881,8892162.0
P03191,7110324.5
P02673,4976205.0
P01984,10080481.0
P06869,8870696.0
P05671,8488063.0
P00650,9341102.0
P00168,12290132.0
P04847,18561812.0
P07423,10247903.0
P03891,13486943.0
P07858,15220736.0
P04263,18714372.0
P01343,21844724.0
P04811,9997089.0
P04558,7325923.5
P03713,14448342.0
P05475,18880554.0
P00644,13194826.0
P06598,6836663.0
P06739,19678820.0
P00728,12154919.0
P09481,6004973.0
P00172,13204126.0
P07531,13068592.0
P03986,15231369.0
P07648,16510470.0
P07190,9422808.0
P00243,15725930.0
P05789,11556928.0
P09893,17220000.0
P08698,9948306.0
P00904,8059108.0
P07730,14846703.0
P08125,10298086.0
P04498,12129518.0
P09886,13938932.0
P04374,5295244.5
P00685,12335145.0
P05046,11371087.0
P02802,7301998.0
P02913,8225774.5
P02736,17156262.0
P01604,5927670.5
P08709,14506838.0
P07502,10994106.0
P05335,11915788.0
P02922,7477287.5
P02900,6504222.0
P03554,9542300.0
P03980,15539936.0
P04090,8933630.0
P09290,8579818.0
P03387,13199703.0
P03470,5786675.5
P00442,11152378.0
P06261,7629889.5
P06909,8407248.0
P00787,10188425.0
P04521,8894766.0
P07783,11034754.0
P00712,12652360.0
P09173,8849696.0
P07195,8024538.5
P04421,9138135.0
P09627,9445272.0
P05158,10093925.0
P04004,9308194.0
P06848,10766717.0
P06265,4803300.0
P06276,14232194.0
P06172,10940560.0
P07617,17977644.0
P03851,9853890.0
P03159,10488476.0
P08457,13943760.0
P04832,6992732.0
P00565,11290272.0
P00912,10800646.0
P07436,12057844.0
P08113,12306082.0
P04437,10273872.0
P00989,14123694.0
P08580,9090351.0
P02485,11040797.0
P06096,8495251.0
P04302,12689811.0
P03452,11097945.0
P02121,10317802.0
P03777,7314688.0
P09564,9734126.0
P00249,10105322.0
P02403,10619420.0
P03391,9724481.0
P08256,12428192.0
P04249,9572583.0
P05773,9454262.0
P04775,10199198.0
P01288,13809190.0
P04645,13115916.0
P09498,11182055.0
P06548,11519088.0
P09814,10498363.0
P06742,11482348.0
P03680,5956150.5
P09263,8336285.0
P05073,4993834.5
P06249,11496578.0
P05544,12567114.0
P04700,12257846.0
P01653,11546040.0
P01325,9473034.0
P04613,8359372.5
P04413,6018014.0
P08546,13538814.0
P06256,12207764.0
P05325,5691003.5
P08150,11689016.0
P08879,17014904.0
P07727,11769230.0
P00553,10224330.0
P07157,15788542.0
P00781,11152422.0
P07822,16190044.0
P07909,12589642.0
P00296,14555172.0
P06361,10892376.0
P06988,14298951.0
P00667,8556495.0
P01794,13621398.0
P01186,8421866.0
P06538,10093933.0
P04459,8545542.0
P07966,5473778.0
P04860,7375259.0
P04197,17551052.0
P04933,9003164.0
P08945,8338383.0
P08701,15618929.0
P00399,10261534.0
P09196,7289160.0
P03699,6678859.5
P05142,7470171.0
P00372,12290014.0
P08161,13323039.0
P07855,12901398.0
P06091,10352130.0
P09351,10427550.0
P08146,10895669.0
P06591,9464018.0
P07996,12587376.0
P02483,8234512.5
P08998,13349404.0
P00564,7256385.0
P03443,8367183.5
P08058,9989747.0
P05258,7440365.5
P03513,11353634.0
P05626,10398012.0
P02120,12405239.0
P08194,10203316.0
P02190,17160288.0
P04293,19333036.0
P05802,13989168.0
P07292,15419500.0
P00495,14227362.0
P06942,11289703.0
P02883,15301691.0
P03746,5718966.0
P08799,10982719.0
P04315,9849655.0
P00435,9273034.0
P02106,11513134.0
P04350,5326237.0
P04859,8946105.0
P07191,9544214.0
P05546,15751508.0
P03461,6377717.0
P09711,8461102.0
P00735,7924162.0
P01845,12396431.0
P03067,13977078.0
P02840,5335666.0
P04000,11361473.0
P00427,8990306.0
P08699,15696249.0
P09824,10517500.0
P09193,8828079.0
P03871,4955492.0
P03017,13643175.0
P03896,10140115.0
P08332,8181967.0
P04703,11902950.0
P08779,9803912.0
P04680,5294104.5
P08840,13094317.0
P09835,14583102.0
P09962,8571054.0
P07321,12127675.0
P00969,22415880.0
P02205,19206940.0
P03447,8334131.5
P01299,13349258.0
P01391,13971296.0
P01669,9536199.0
P08539,13043296.0
P05322,22083682.0
P01296,13723312.0
P00205,12649990.0
P08620,8623617.0
P03029,8598152.0
P01710,6452671.0
P02519,12783159.0
P00578,6887841.5
P08231,11853397.0
P00227,9587925.0
P09478,14094485.0
P04529,13463898.0
P00314,8781354.0
P07290,11629518.0
P02877,6194759.0
P06560,9191417.0
P08286,11049355.0
P08774,9415955.0
P01536,15544215.0
P03396,10246810.0
P01860,9418468.0
P03038,12441134.0
P07081,7917933.0
P02882,12154662.0
P07402,9158900.0
P01344,9788406.0
P02508,16002315.0
P06174,9677194.0
P05326,8905640.0
P00921,20218060.0
P08385,19163396.0
P08336,12257318.0
P05271,9639595.0
P09333,13462896.0
P08110,12152560.0
P00656,9831311.0
P04339,8487980.0
P06651,11109120.0
P00557,10271084.0
P00084,11904298.0
P02225,14680636.0
P00284,12884777.0
P07871,9515162.0
P07246,11726367.0
P08722,12842592.0
P07010,6810492.5
P08916,9414515.0
P01876,6098425.0
P00046,11034474.0
P04662,5375579.0
P03247,7376672.0
P01704,7955783.0
P05663,8639339.0
P04795,11468399.0
P09656,14193869.0
P04330,17430024.0
P01223,9388610.0
P06613,10946605.0
P07899,11674490.0
P07206,12422621.0
P09284,8083370.0
P08406,19373944.0
P05741,9089436.0
P02287,8560702.0
P08094,13000843.0
P07412,5817943.5
P02540,16252417.0
P06998,10385142.0
P02872,13046496.0
P07877,19788944.0
P02075,5951239.0
P00477,18938978.0
P00076,13683908.0
P01140,9563383.0
P07429,13234622.0
P07609,9793954.0
P03861,7213546.5
P05526,9447493.0
P00319,10513861.0
P08359,8152426.0
P07173,9229169.0
P09359,12879838.0
P06263,9273944.0
P09589,5531981.0
P02575,6084157.0
P09355,7058170.0
P00446,8892820.0
P05719,5587181.0
P03069,6067963.0
P00548,13138228.0
P06353,8487192.0
P01101,9191372.0
P09613,15755090.0
P00380,9331290.0
P00373,13422328.0
P04296,10657530.0
P04013,16141030.0
P08075,12694638.0
P08514,7941686.0
P07979,19359296.0
P00506,11586695.0
P03578,8884228.0
P05594,3254381.75
P00218,14590626.0
P09100,8479551.0
P00003,19069032.0
P07906,12098165.0
P07219,10633350.0
P03651,9964120.0
P04188,6483203.5
P04849,5062823.0
P04219,8967397.0
P03634,9147430.0
P08855,12374958.0
P03016,12826832.0
P03883,8036881.5
P03685,12622221.0
P05241,12905336.0
P09412,10578177.0
P00277,13367518.0
P01640,6092313.0
P07596,11713943.0
P02271,18663438.0
P09725,14939533.0
P02505,12194028.0
P00841,12638782.0
P04792,6476051.0
P09017,10091234.0
P02985,9402904.0
P05653,4905096.0
P04915,7829850.0
P08193,13187426.0
P02805,6600988.0
P07552,8006569.5
P04235,9737304.0
P07359,7338839.0
P09553,14846125.0
P00290,9576014.0
P03070,6522276.0
P04340,12863352.0
P01139,14858118.0
P06274,8588435.0
P03278,8657991.0
P03011,8979632.0
P00932,13810596.0
P08760,14290850.0
P05606,7453699.5
P09252,8496785.0
P00725,10906133.0
P00808,8762050.0
P02926,8692480.0
P02065,8960858.0
P09242,11767348.0
P04568,7751530.0
P04632,7367027.5
P02044,19289580.0
P06818,10330524.0
P00809,19689346.0
P03085,10381465.0
P01700,17622868.0
P09287,12703573.0
P06825,17625962.0
P05296,13437319.0
P06114,11646903.0
P05778,12247116.0
P06968,12802246.0
P09957,13209612.0
P01337,13587120.0
P02753,7176520.5
P06166,10024290.0
P00274,22186236.0
P06229,16689950.0
P01411,10516302.0
P08745,11140466.0
P04650,8224612.0
P04354,10472948.0
P06171,9795099.0
P08104,12333578.0
P04064,11180508.0
P01994,9996806.0
P06175,16577077.0
P07701,7192195.5
P01588,12189862.0
P07589,12636140.0
P05364,17648084.0
P04207,14907492.0
P00438,13956260.0
P06272,7262396.5
P02142,12229728.0
P04489,7096239.5
P07888,8879696.0
P00238,15336192.0
P09975,9789829.0
P02421,5327939.0
P07237,17502058.0
P08285,12964981.0
P01619,11856065.0
P07274,20195866.0
P02493,11189751.0
P03294,3883572.25
P04965,8208804.0
P04222,11039420.0
P09008,15110426.0
P00814,11168590.0
P01506,7926364.5
P03538,7445212.5
P02955,7086725.0
P00250,10346974.0
P06392,14455784.0
P04153,14184918.0
P05491,18445604.0
P03112,6229563.0
P00158,11139955.0
P08731,10065402.0
P09741,13770233.0
P10029,13371522.0
P07554,9575211.0
P06496,7583245.0
P02878,6104167.0
P00641,8114804.0
P07136,15796824.0
P07199,9155575.0
P08123,18132790.0
P07963,13701527.0
P04055,16918642.0
P07269,10526341.0
P06245,14132182.0
P06008,9328076.0
P02839,7074552.5
P07594,15749734.0
P05269,8786620.0
P09638,7666028.5
P00711,22895620.0
P05814,22496344.0
P01947,3494707.75
P09979,14136910.0
P04405,8471396.0
P01163,8095342.0
P04268,7796991.0
P01065,11922350.0
P08603,9378716.0
P00474,18201288.0
P08173,15061108.0
P00643,13035916.0
